Abigail,Abraham,abigailabraham@email.com,3
Alexandra,Allan,alexandraallan@email.com,3
Alison,Alsop,alisonalsop@email.com,3
Amanda,Anderson,amandaanderson@email.com,3
Amelia,Arnold,ameliaarnold@email.com,3
Amy,Avery,amyavery@email.com,3
Andrea,Bailey,andreabailey@email.com,3
Angela,Baker,angelabaker@email.com,3
Anna,Ball,annaball@email.com,3
Anne,Bell,annebell@email.com,3
Audrey,Berry,audreyberry@email.com,3
Ava,Black,avablack@email.com,3
Bella,Blake,bellablake@email.com,3
Bernadette,Bond,bernadettebond@email.com,3
Carol,Bower,carolbower@email.com,3
Caroline,Brown,carolinebrown@email.com,3
Carolyn,Buckland,carolynbuckland@email.com,3
Chloe,Burgess,chloeburgess@email.com,3
Claire,Butler,clairebutler@email.com,3
Deirdre,Cameron,deirdrecameron@email.com,3
Diana,Campbell,dianacampbell@email.com,3
Diane,Carr,dianecarr@email.com,3
Donna,Chapman,donnachapman@email.com,3
Dorothy,Churchill,dorothychurchill@email.com,3
Elizabeth,Clark,elizabethclark@email.com,3
Ella,Clarkson,ellaclarkson@email.com,4
Emily,Coleman,emilycoleman@email.com,4
Emma,Cornish,emmacornish@email.com,4
Faith,Davidson,faithdavidson@email.com,4
Felicity,Davies,felicitydavies@email.com,4
Fiona,Dickens,fionadickens@email.com,4
Gabrielle,Dowd,gabrielledowd@email.com,4
Grace,Duncan,graceduncan@email.com,4
Hannah,Dyer,hannahdyer@email.com,4
Heather,Edmunds,heatheredmunds@email.com,4
Irene,Ellison,ireneellison@email.com,4
Jan,Ferguson,janferguson@email.com,4
Jane,Fisher,janefisher@email.com,4
Jasmine,Forsyth,jasmineforsyth@email.com,4
Jennifer,Fraser,jenniferfraser@email.com,4
Jessica,Gibson,jessicagibson@email.com,4
Joan,Gill,joangill@email.com,4
Joanne,Glover,joanneglover@email.com,4
Julia,Graham,juliagraham@email.com,4
Karen,Grant,karengrant@email.com,4
Katherine,Gray,katherinegray@email.com,4
Kimberly,Greene,kimberlygreene@email.com,4
Kylie,Hamilton,kyliehamilton@email.com,4
Lauren,Hardacre,laurenhardacre@email.com,4
Leah,Harris,leahharris@email.com,4
Lillian,Hart,lillianhart@email.com,5
Lily,Hemmings,lilyhemmings@email.com,5
Lisa,Henderson,lisahenderson@email.com,5
Madeleine,Hill,madeleinehill@email.com,5
Maria,Hodges,mariahodges@email.com,5
Mary,Howard,maryhoward@email.com,5
Megan,Hudson,meganhudson@email.com,5
Melanie,Hughes,melaniehughes@email.com,5
Michelle,Hunter,michellehunter@email.com,5
Molly,Ince,mollyince@email.com,5
Natalie,Jackson,nataliejackson@email.com,5
Nicola,James,nicolajames@email.com,5
Olivia,Johnston,oliviajohnston@email.com,5
Penelope,Jones,penelopejones@email.com,5
Pippa,Kelly,pippakelly@email.com,5
Rachel,Kerr,rachelkerr@email.com,5
Rebecca,King,rebeccaking@email.com,5
Rose,Knox,roseknox@email.com,5
Ruth,Lambert,ruthlambert@email.com,5
Sally,Langdon,sallylangdon@email.com,5
Samantha,Lawrence,samanthalawrence@email.com,5
Sarah,Lee,sarahlee@email.com,5
Sonia,Lewis,sonialewis@email.com,5
Sophie,Lyman,sophielyman@email.com,5
Stephanie,MacDonald,stephaniemacdonald@email.com,5